epoch,time,train/box_loss,train/cls_loss,train/dfl_loss,metrics/precision(B),metrics/recall(B),metrics/mAP50(B),metrics/mAP50-95(B),val/box_loss,val/cls_loss,val/dfl_loss,lr/pg0,lr/pg1,lr/pg2
1,0.95617,0.77371,4.1247,1.32584,0,0,0,0,0,7.36079,0,0,0,0
2,1.98851,1.06472,4.15676,1.92724,0,0,0,0,0,7.36079,0,0.000247874,0.000247874,0.000247874
3,3.07211,0,3.35293,0,0,0,0,0,0,7.36079,0,0.000478831,0.000478831,0.000478831
4,4.16689,1.35569,4.38178,1.66347,0,0,0,0,0,7.36079,0,0.000692869,0.000692869,0.000692869
5,5.2548,1.24993,4.37269,1.76436,0,0,0,0,0,7.36079,0,0.000667492,0.000667492,0.000667492
6,6.55602,1.87039,4.68983,2.16841,0,0,0,0,0,7.36079,0,0.000642115,0.000642115,0.000642115
7,8.08815,1.77683,4.4788,2.2234,0,0,0,0,0,7.38224,0,0.000616738,0.000616738,0.000616738
8,9.4509,1.1386,3.77856,1.50292,0,0,0,0,0,7.38224,0,0.000591361,0.000591361,0.000591361
9,10.7211,1.0849,3.6291,1.55801,0,0,0,0,0,7.38224,0,0.000565984,0.000565984,0.000565984
10,11.6848,1.16612,3.76208,1.28573,0,0,0,0,0,7.38224,0,0.000540607,0.000540607,0.000540607
11,12.8806,1.48163,3.86166,1.47515,0,0,0,0,0,7.38224,0,0.00051523,0.00051523,0.00051523
12,14.0351,0.77646,3.68604,1.16857,0,0,0,0,0,7.38224,0,0.000489853,0.000489853,0.000489853
13,15.1961,0.99061,3.67911,1.24541,0,0,0,0,0,7.39658,0,0.000464476,0.000464476,0.000464476
14,16.2409,1.33609,3.49219,1.60802,0,0,0,0,0,7.39658,0,0.000439099,0.000439099,0.000439099
15,18.7957,1.10641,3.15189,1.51393,0,0,0,0,0,7.39658,0,0.000413722,0.000413722,0.000413722
16,20.2241,2.09185,4.15078,3.12034,0,0,0,0,0,7.39658,0,0.000388345,0.000388345,0.000388345
17,21.1854,1.03518,3.42562,1.47808,0,0,0,0,0,7.39658,0,0.000362968,0.000362968,0.000362968
18,22.3893,1.03051,3.47259,1.29918,0,0,0,0,0,7.39658,0,0.000337591,0.000337591,0.000337591
19,23.2446,0.62236,3.11214,0.98357,0,0,0,0,0,7.41042,0,0.000312214,0.000312214,0.000312214
20,24.055,1.2992,3.5434,1.68563,0,0,0,0,0,7.41042,0,0.000286837,0.000286837,0.000286837
21,24.8794,0.69544,2.77034,1.00399,0,0,0,0,0,7.41042,0,0.00026146,0.00026146,0.00026146
22,25.7732,1.33385,3.09453,1.59793,0,0,0,0,0,7.41042,0,0.000236083,0.000236083,0.000236083
23,26.6665,0.81192,4.13536,1.35584,0,0,0,0,0,7.41042,0,0.000210706,0.000210706,0.000210706
24,27.3795,0.47358,2.69227,0.85149,0,0,0,0,0,7.41042,0,0.000185329,0.000185329,0.000185329
25,28.2307,0.6113,2.64469,0.83119,0,0,0,0,0,7.426,0,0.000159952,0.000159952,0.000159952
26,29.0413,0.84972,3.34971,1.24688,0,0,0,0,0,7.426,0,0.000134575,0.000134575,0.000134575
27,29.7882,0.76681,2.89463,1.0673,0,0,0,0,0,7.426,0,0.000109198,0.000109198,0.000109198
28,30.5289,1.17026,3.23021,1.21953,0,0,0,0,0,7.426,0,8.3821e-05,8.3821e-05,8.3821e-05
29,31.263,0.77409,2.54377,1.05178,0,0,0,0,0,7.426,0,5.8444e-05,5.8444e-05,5.8444e-05
30,32.2701,0.72626,2.65878,1.06022,0,0,0,0,0,7.426,0,3.3067e-05,3.3067e-05,3.3067e-05
